0,1,2,3,4,5
Барус Инструмент,Главная  /,,,,
Барус Инструмент,Специальные предложения  /about/sale/,,,,
Барус Инструмент,Каталог  /catalog/,Оборудование для обработки листового металла и труб  /catalog/machines/,Станки лазерной резки листа  /catalog/machines/lazernye_stanki/,Открытого типа  /catalog/machines/lazernye_stanki/otkrytogo-tipa/,C-серия  /catalog/machines/lazernye_stanki/otkrytogo-tipa/c-seriya/
Барус Инструмент,Каталог  /catalog/,Оборудование для обработки листового металла и труб  /catalog/machines/,Станки лазерной резки листа  /catalog/machines/lazernye_stanki/,С кабинетной защитой  /catalog/machines/lazernye_stanki/s-kabinetnoy-zashchitoy/,X-серия  /catalog/machines/lazernye_stanki/s-kabinetnoy-zashchitoy/x-seriya/
Барус Инструмент,Каталог  /catalog/,Оборудование для обработки листового металла и труб  /catalog/machines/,Станки лазерной резки листа  /catalog/machines/lazernye_stanki/,С кабинетной защитой и сменными столами  /catalog/machines/lazernye_stanki/so-smennymi-stolami/,"GT, GX, GH, GV-серия  /catalog/machines/lazernye_stanki/so-smennymi-stolami/gt-gx-gh-gv-seriya/"
Барус Инструмент,Каталог  /catalog/,Оборудование для обработки листового металла и труб  /catalog/machines/,Станки лазерной резки листа  /catalog/machines/lazernye_stanki/,Комбинированный  /catalog/machines/lazernye_stanki/kombinirovannye/,CB-серия  /catalog/machines/lazernye_stanki/kombinirovannye/cb-seriya/
Барус Инструмент,Каталог  /catalog/,Оборудование для обработки листового металла и труб  /catalog/machines/,Станки лазерной резки листа  /catalog/machines/lazernye_stanki/,Рулонного типа  /catalog/machines/lazernye_stanki/rulonnogo-tipa/,GLA-серия  /catalog/machines/lazernye_stanki/rulonnogo-tipa/gla-seriya/
Барус Инструмент,Каталог  /catalog/,Оборудование для обработки листового металла и труб  /catalog/machines/,Станки лазерной резки листа  /catalog/machines/lazernye_stanki/,3D резка  /catalog/machines/lazernye_stanki/3d-rezka/,3D-cell  /catalog/machines/lazernye_stanki/3d-rezka/3d-cell/
Барус Инструмент,Каталог  /catalog/,Оборудование для обработки листового металла и труб  /catalog/machines/,Станки лазерной резки листа  /catalog/machines/lazernye_stanki/,Крупноформатный  /catalog/machines/lazernye_stanki/krupnoformatnye/,"GFA, GFB-серия  /catalog/machines/lazernye_stanki/krupnoformatnye/gfa-gfb-seriya/"
Барус Инструмент,Каталог  /catalog/,Оборудование для обработки листового металла и труб  /catalog/machines/,Станки лазерной резки листа  /catalog/machines/lazernye_stanki/,Для профилей  /catalog/machines/lazernye_stanki/dlya-profiley/,PRB-серия  /catalog/machines/lazernye_stanki/dlya-profiley/prb-seriya/
Барус Инструмент,Каталог  /catalog/,Оборудование для обработки листового металла и труб  /catalog/machines/,Станки лазерной резки труб  /catalog/machines/lazernye_stanki_dlya_rezki_trub/,,
Барус Инструмент,Каталог  /catalog/,Оборудование для обработки листового металла и труб  /catalog/machines/,Листогибочные прессы  /catalog/machines/listogiby/,Гидравлические  /catalog/machines/listogiby/listogibochnye_pressy_eko/,EHC-серия  /catalog/machines/listogiby/listogibochnye_pressy_eko/ehc-seriya/
Барус Инструмент,Каталог  /catalog/,Оборудование для обработки листового металла и труб  /catalog/machines/,Листогибочные прессы  /catalog/machines/listogiby/,Сервомеханические  /catalog/machines/listogiby/listtgibochnye_pressy_eko_es/,ESII-серия  /catalog/machines/listogiby/listtgibochnye_pressy_eko_es/esii-seriya/
Барус Инструмент,Каталог  /catalog/,Оборудование для обработки листового металла и труб  /catalog/machines/,Листогибочные прессы  /catalog/machines/listogiby/,Гибридные  /catalog/machines/listogiby/listogibochnye_pressy_eko_ehm/,EHM-серия  /catalog/machines/listogiby/listogibochnye_pressy_eko_ehm/ehm-seriya/
Барус Инструмент,Каталог  /catalog/,Оборудование для обработки листового металла и труб  /catalog/machines/,Шлифовально-зачистные станки  /catalog/machines/shlifovalno-zachistnye/,для тонколистового металла и удаления не крупных дефектов  /catalog/machines/shlifovalno-zachistnye/dlya-tonkolistovogo/,BR-серия  /catalog/machines/shlifovalno-zachistnye/dlya-tonkolistovogo/br-seriya/
Барус Инструмент,Каталог  /catalog/,Оборудование для обработки листового металла и труб  /catalog/machines/,Шлифовально-зачистные станки  /catalog/machines/shlifovalno-zachistnye/,Для среднелистового металла и удаления средних и крупных дефектов  /catalog/machines/shlifovalno-zachistnye/dlya-srednelistovogo/,TK-серия  /catalog/machines/shlifovalno-zachistnye/dlya-srednelistovogo/tk-seriya/
Барус Инструмент,Каталог  /catalog/,Оборудование для обработки листового металла и труб  /catalog/machines/,Шлифовально-зачистные станки  /catalog/machines/shlifovalno-zachistnye/,Для толстого металла и крупных дефектов  /catalog/machines/shlifovalno-zachistnye/dlya-tolstogo/,STK и SDTK-серия  /catalog/machines/shlifovalno-zachistnye/dlya-tolstogo/stk-sdtk-seriya/
Барус Инструмент,Каталог  /catalog/,Оборудование для обработки листового металла и труб  /catalog/machines/,Координатно-пробивные прессы  /catalog/machines/krp_koordinatno_probivnoy_press/,,
Барус Инструмент,Каталог  /catalog/,Оборудование для обработки листового металла и труб  /catalog/machines/,Аппараты лазерной сварки  /catalog/machines/apparaty_lazernoy_svarki/,Для тонко листового металла  /catalog/machines/apparaty_lazernoy_svarki/dlya-tonkolistovogo/,SWR MASTER L-серия  /catalog/machines/apparaty_lazernoy_svarki/dlya-tonkolistovogo/swr-master-l/
Барус Инструмент,Каталог  /catalog/,Оборудование для обработки листового металла и труб  /catalog/machines/,Аппараты лазерной сварки  /catalog/machines/apparaty_lazernoy_svarki/,Для толстого металла  /catalog/machines/apparaty_lazernoy_svarki/dlya-tolstogo/,SWR MASTER M-серия  /catalog/machines/apparaty_lazernoy_svarki/dlya-tolstogo/swr-master-m/
Барус Инструмент,Каталог  /catalog/,Оборудование для обработки листового металла и труб  /catalog/machines/,Аппараты лазерной сварки  /catalog/machines/apparaty_lazernoy_svarki/,Роботизированная лазерная сварка  /catalog/machines/apparaty_lazernoy_svarki/robotizirovannaya/,SWR MASTER A-серия  /catalog/machines/apparaty_lazernoy_svarki/robotizirovannaya/swr-master-a/
Барус Инструмент,Каталог  /catalog/,Оборудование для обработки листового металла и труб  /catalog/machines/,Аппараты импульсной лазерной чистки  /catalog/machines/impulsnaya-lazernaya-chistka/,,
Барус Инструмент,Каталог  /catalog/,Оборудование для обработки листового металла и труб  /catalog/machines/,Аппараты постоянной лазерной чистки  /catalog/machines/nepreryvnaya-lazernaya-chistka/,,
Барус Инструмент,Каталог  /catalog/,Оборудование для обработки листового металла и труб  /catalog/machines/,Роботизированные системы  /catalog/machines/robotizirovannye-sistemy/,,
Барус Инструмент,Каталог  /catalog/,Оборудование для обработки листового металла и труб  /catalog/machines/,Сервисное и вспомогательное оборудование  /catalog/machines/servisnoe-oborudovanie/,,
Барус Инструмент,Каталог  /catalog/,Оборудование для обработки листового металла и труб  /catalog/machines/,Лазерные источники  /catalog/machines/lazernye_istochniki/,,
Барус Инструмент,Каталог  /catalog/,Гибочный инструмент  /catalog/bendingtools/,Promecam  /catalog/bendingtools/amada_promecam/,Пуансоны  /catalog/bendingtools/amada_promecam/puansony/,Стандартный  /catalog/bendingtools/amada_promecam/puansony/standartnyy/
Барус Инструмент,Каталог  /catalog/,Гибочный инструмент  /catalog/bendingtools/,Promecam  /catalog/bendingtools/amada_promecam/,Пуансоны  /catalog/bendingtools/amada_promecam/puansony/,Гусак  /catalog/bendingtools/amada_promecam/puansony/gusak/
Барус Инструмент,Каталог  /catalog/,Гибочный инструмент  /catalog/bendingtools/,Promecam  /catalog/bendingtools/amada_promecam/,Пуансоны  /catalog/bendingtools/amada_promecam/puansony/,Прямой узкий  /catalog/bendingtools/amada_promecam/puansony/pryamoy-uzkiy/
Барус Инструмент,Каталог  /catalog/,Гибочный инструмент  /catalog/bendingtools/,Promecam  /catalog/bendingtools/amada_promecam/,Пуансоны  /catalog/bendingtools/amada_promecam/puansony/,Прямой для профилей  /catalog/bendingtools/amada_promecam/puansony/pryamoy-dlya-profiley/
Барус Инструмент,Каталог  /catalog/,Гибочный инструмент  /catalog/bendingtools/,Promecam  /catalog/bendingtools/amada_promecam/,Пуансоны  /catalog/bendingtools/amada_promecam/puansony/,Острый  /catalog/bendingtools/amada_promecam/puansony/ostryy/
Барус Инструмент,Каталог  /catalog/,Гибочный инструмент  /catalog/bendingtools/,Promecam  /catalog/bendingtools/amada_promecam/,Пуансоны  /catalog/bendingtools/amada_promecam/puansony/,Для больших толщин  /catalog/bendingtools/amada_promecam/puansony/dlya-bolshikh-tolshchin/
Барус Инструмент,Каталог  /catalog/,Гибочный инструмент  /catalog/bendingtools/,Promecam  /catalog/bendingtools/amada_promecam/,Пуансоны  /catalog/bendingtools/amada_promecam/puansony/,Инструмент для плющения  /catalog/bendingtools/amada_promecam/puansony/plyushchenie/
Барус Инструмент,Каталог  /catalog/,Гибочный инструмент  /catalog/bendingtools/,Promecam  /catalog/bendingtools/amada_promecam/,Матрицы  /catalog/bendingtools/amada_promecam/matritsy/,1V(одноручьевые)  /catalog/bendingtools/amada_promecam/matritsy/1v/
Барус Инструмент,Каталог  /catalog/,Гибочный инструмент  /catalog/bendingtools/,Promecam  /catalog/bendingtools/amada_promecam/,Матрицы  /catalog/bendingtools/amada_promecam/matritsy/,2V (двухручьевые)  /catalog/bendingtools/amada_promecam/matritsy/s_dvumya_ruchyami/
Барус Инструмент,Каталог  /catalog/,Гибочный инструмент  /catalog/bendingtools/,Promecam  /catalog/bendingtools/amada_promecam/,Матрицы  /catalog/bendingtools/amada_promecam/matritsy/,4V (четырехручьевые)  /catalog/bendingtools/amada_promecam/matritsy/mnogoruchevye/
Барус Инструмент,Каталог  /catalog/,Гибочный инструмент  /catalog/bendingtools/,Promecam  /catalog/bendingtools/amada_promecam/,Матрицы  /catalog/bendingtools/amada_promecam/matritsy/,T-образные  /catalog/bendingtools/amada_promecam/matritsy/s_odnim_ruchem_t_obraznye/
Барус Инструмент,Каталог  /catalog/,Гибочный инструмент  /catalog/bendingtools/,Promecam  /catalog/bendingtools/amada_promecam/,Матрицы  /catalog/bendingtools/amada_promecam/matritsy/,Инструмент для плющения  /catalog/bendingtools/amada_promecam/matritsy/plyushchenie/
Барус Инструмент,Каталог  /catalog/,Гибочный инструмент  /catalog/bendingtools/,Promecam  /catalog/bendingtools/amada_promecam/,Комплекты инструмента  /catalog/bendingtools/amada_promecam/komplekty/,
Барус Инструмент,Каталог  /catalog/,Гибочный инструмент  /catalog/bendingtools/,Promecam  /catalog/bendingtools/amada_promecam/,Z-гибка  /catalog/bendingtools/amada_promecam/z_gibka/,
Барус Инструмент,Каталог  /catalog/,Гибочный инструмент  /catalog/bendingtools/,Promecam  /catalog/bendingtools/amada_promecam/,Гибка без следов  /catalog/bendingtools/amada_promecam/gibka-bez-sledov/,
Барус Инструмент,Каталог  /catalog/,Гибочный инструмент  /catalog/bendingtools/,Promecam  /catalog/bendingtools/amada_promecam/,Радиусная гибка  /catalog/bendingtools/amada_promecam/radiusnaya_gibka/,
Барус Инструмент,Каталог  /catalog/,Гибочный инструмент  /catalog/bendingtools/,Promecam  /catalog/bendingtools/amada_promecam/,Держатели/Адаптеры  /catalog/bendingtools/amada_promecam/derzhateli-adaptery/,
Барус Инструмент,Каталог  /catalog/,Гибочный инструмент  /catalog/bendingtools/,Promecam  /catalog/bendingtools/amada_promecam/,Аксессуары  /catalog/bendingtools/amada_promecam/aksessuary/,
Барус Инструмент,Каталог  /catalog/,Гибочный инструмент  /catalog/bendingtools/,Promecam  /catalog/bendingtools/amada_promecam/,Вставки  /catalog/bendingtools/amada_promecam/vstavki/,
Барус Инструмент,Каталог  /catalog/,Гибочный инструмент  /catalog/bendingtools/,Promecam  /catalog/bendingtools/amada_promecam/,Специнструмент  /catalog/bendingtools/amada_promecam/spetsinstrument/,
Барус Инструмент,Каталог  /catalog/,Гибочный инструмент  /catalog/bendingtools/,Trumph  /catalog/bendingtools/trumpf_1/,Пуансоны  /catalog/bendingtools/trumpf_1/puansony_1/,Гусак  /catalog/bendingtools/trumpf_1/puansony_1/gusak/
Барус Инструмент,Каталог  /catalog/,Гибочный инструмент  /catalog/bendingtools/,Trumph  /catalog/bendingtools/trumpf_1/,Пуансоны  /catalog/bendingtools/trumpf_1/puansony_1/,Прямой для профилей  /catalog/bendingtools/trumpf_1/puansony_1/pryamoy-dlya-profiley/
Барус Инструмент,Каталог  /catalog/,Гибочный инструмент  /catalog/bendingtools/,Trumph  /catalog/bendingtools/trumpf_1/,Пуансоны  /catalog/bendingtools/trumpf_1/puansony_1/,Острый  /catalog/bendingtools/trumpf_1/puansony_1/ostryy/
Барус Инструмент,Каталог  /catalog/,Гибочный инструмент  /catalog/bendingtools/,Trumph  /catalog/bendingtools/trumpf_1/,Пуансоны  /catalog/bendingtools/trumpf_1/puansony_1/,Для больших толщин  /catalog/bendingtools/trumpf_1/puansony_1/dlya-bolshikh-tolshchin/
Барус Инструмент,Каталог  /catalog/,Гибочный инструмент  /catalog/bendingtools/,Trumph  /catalog/bendingtools/trumpf_1/,Матрицы  /catalog/bendingtools/trumpf_1/matritsy_1/,
Барус Инструмент,Каталог  /catalog/,Гибочный инструмент  /catalog/bendingtools/,Trumph  /catalog/bendingtools/trumpf_1/,Радиусная гибка  /catalog/bendingtools/trumpf_1/radiusnaya-gibka/,
Барус Инструмент,Каталог  /catalog/,Гибочный инструмент  /catalog/bendingtools/,Trumph  /catalog/bendingtools/trumpf_1/,Держатели/Адаптеры  /catalog/bendingtools/trumpf_1/derzhateli-adaptery/,
Барус Инструмент,Каталог  /catalog/,Гибочный инструмент  /catalog/bendingtools/,Wila  /catalog/bendingtools/wila/,Пуансоны  /catalog/bendingtools/wila/puansony_2/,Гусак  /catalog/bendingtools/wila/puansony_2/gusak/
Барус Инструмент,Каталог  /catalog/,Гибочный инструмент  /catalog/bendingtools/,Wila  /catalog/bendingtools/wila/,Пуансоны  /catalog/bendingtools/wila/puansony_2/,Прямой для профилей  /catalog/bendingtools/wila/puansony_2/pryamoy-dlya-profiley/
Барус Инструмент,Каталог  /catalog/,Гибочный инструмент  /catalog/bendingtools/,Wila  /catalog/bendingtools/wila/,Пуансоны  /catalog/bendingtools/wila/puansony_2/,Острый  /catalog/bendingtools/wila/puansony_2/ostryy/
Барус Инструмент,Каталог  /catalog/,Гибочный инструмент  /catalog/bendingtools/,Wila  /catalog/bendingtools/wila/,Пуансоны  /catalog/bendingtools/wila/puansony_2/,Для больших толщин  /catalog/bendingtools/wila/puansony_2/dlya-bolshikh-tolshchin/
Барус Инструмент,Каталог  /catalog/,Гибочный инструмент  /catalog/bendingtools/,Wila  /catalog/bendingtools/wila/,Матрицы  /catalog/bendingtools/wila/matritsy_2/,
Барус Инструмент,Каталог  /catalog/,Гибочный инструмент  /catalog/bendingtools/,Wila  /catalog/bendingtools/wila/,Плющение  /catalog/bendingtools/wila/matritsy_dlya_plyushcheniya_2/,
Барус Инструмент,Каталог  /catalog/,Гибочный инструмент  /catalog/bendingtools/,Комплектующие и ЗИП  /catalog/bendingtools/komplektuyushchie-zip/,,
Барус Инструмент,Каталог  /catalog/,Пробивной инструмент  /catalog/punchtools/,Thick Turret  /catalog/punchtools/thick_turret/,Серия KETEC King Ultra  /catalog/punchtools/thick_turret/seriya_king_ultra/,
Барус Инструмент,Каталог  /catalog/,Пробивной инструмент  /catalog/punchtools/,Thick Turret  /catalog/punchtools/thick_turret/,Серия KETEC Fully Guided  /catalog/punchtools/thick_turret/seriya_ketec_fully_guided/,
Барус Инструмент,Каталог  /catalog/,Пробивной инструмент  /catalog/punchtools/,Thick Turret  /catalog/punchtools/thick_turret/,Серия KETEC TOP90  /catalog/punchtools/thick_turret/seriya_top_90/,
Барус Инструмент,Каталог  /catalog/,Пробивной инструмент  /catalog/punchtools/,Thick Turret  /catalog/punchtools/thick_turret/,Серия KETEC KU  /catalog/punchtools/thick_turret/seriya_ultra_ku/,
Барус Инструмент,Каталог  /catalog/,Пробивной инструмент  /catalog/punchtools/,Thick Turret  /catalog/punchtools/thick_turret/,Thich turret Формообразующий  /catalog/punchtools/thick_turret/formoobrazuyushchiy/,
Барус Инструмент,Каталог  /catalog/,Пробивной инструмент  /catalog/punchtools/,Thick Turret  /catalog/punchtools/thick_turret/,Thick Turret роликовый  /catalog/punchtools/thick_turret/rolikovyy/,
Барус Инструмент,Каталог  /catalog/,Пробивной инструмент  /catalog/punchtools/,Thick Turret  /catalog/punchtools/thick_turret/,Мультитул  /catalog/punchtools/thick_turret/multitul/,
Барус Инструмент,Каталог  /catalog/,Пробивной инструмент  /catalog/punchtools/,Thick Turret  /catalog/punchtools/thick_turret/,Комплектующие  /catalog/punchtools/thick_turret/komplektuyushchie_1/,
Барус Инструмент,Каталог  /catalog/,Пробивной инструмент  /catalog/punchtools/,Thick Turret  /catalog/punchtools/thick_turret/,Вспомогательный инструмент  /catalog/punchtools/thick_turret/vspomogatelnyy_instrument/,
Барус Инструмент,Каталог  /catalog/,Пробивной инструмент  /catalog/punchtools/,Инструмент Trumpf  /catalog/punchtools/trumpf/,Стандартный инструмент Trumpf  /catalog/punchtools/trumpf/standartnyy_instrument/,
Барус Инструмент,Каталог  /catalog/,Пробивной инструмент  /catalog/punchtools/,Инструмент Trumpf  /catalog/punchtools/trumpf/,Вырубной инструмент со свенными вставками  /catalog/punchtools/trumpf/so_smennymi_vstavkami/,
Барус Инструмент,Каталог  /catalog/,Пробивной инструмент  /catalog/punchtools/,Инструмент Trumpf  /catalog/punchtools/trumpf/,Мультитул Trumpf  /catalog/punchtools/trumpf/multitul2/,
Барус Инструмент,Каталог  /catalog/,Пробивной инструмент  /catalog/punchtools/,Инструмент Trumpf  /catalog/punchtools/trumpf/,Trumpf формообразующий  /catalog/punchtools/trumpf/formoobrazuyushchiy2/,
Барус Инструмент,Каталог  /catalog/,Пробивной инструмент  /catalog/punchtools/,Инструмент Trumpf  /catalog/punchtools/trumpf/,Комплектующие Trumpf  /catalog/punchtools/trumpf/komplektuyushchie/,
Барус Инструмент,Каталог  /catalog/,Пробивной инструмент  /catalog/punchtools/,Инструмент Trumpf  /catalog/punchtools/trumpf/,Роликовый инструмент Trumpf  /catalog/punchtools/trumpf/rolikovyy_trumpf/,
Барус Инструмент,Каталог  /catalog/,Пробивной инструмент  /catalog/punchtools/,"Murata, Salvagnini, Thin Turret  /catalog/punchtools/murata_salvagnini_thin_turret/",Стандартный инструмент MURATA  /catalog/punchtools/murata_salvagnini_thin_turret/murata_instrument/,
Барус Инструмент,Каталог  /catalog/,Пробивной инструмент  /catalog/punchtools/,"Murata, Salvagnini, Thin Turret  /catalog/punchtools/murata_salvagnini_thin_turret/",Вырубной инструмент со свенными вставками  /catalog/punchtools/murata_salvagnini_thin_turret/so-smennymi-vstavkami/,
Барус Инструмент,Каталог  /catalog/,Пробивной инструмент  /catalog/punchtools/,"Murata, Salvagnini, Thin Turret  /catalog/punchtools/murata_salvagnini_thin_turret/",Мультитул Trumpf  /catalog/punchtools/murata_salvagnini_thin_turret/multitul/,
Барус Инструмент,Каталог  /catalog/,Пробивной инструмент  /catalog/punchtools/,"Murata, Salvagnini, Thin Turret  /catalog/punchtools/murata_salvagnini_thin_turret/",MURATA формообразующий  /catalog/punchtools/murata_salvagnini_thin_turret/murata_formoobrazuyushchiy/,
Барус Инструмент,Каталог  /catalog/,Пробивной инструмент  /catalog/punchtools/,"Murata, Salvagnini, Thin Turret  /catalog/punchtools/murata_salvagnini_thin_turret/",Thin Turret Стандартный Инструмент  /catalog/punchtools/murata_salvagnini_thin_turret/thin_tourret_standartnyy_instrument/,
Барус Инструмент,Каталог  /catalog/,Пробивной инструмент  /catalog/punchtools/,"Murata, Salvagnini, Thin Turret  /catalog/punchtools/murata_salvagnini_thin_turret/",Thin Turret Формообразующий  /catalog/punchtools/murata_salvagnini_thin_turret/thin_tourret_formoobrazuyushchiy/,
Барус Инструмент,Каталог  /catalog/,Пробивной инструмент  /catalog/punchtools/,"Murata, Salvagnini, Thin Turret  /catalog/punchtools/murata_salvagnini_thin_turret/",Salvagnini S4 Стандартный инструмент  /catalog/punchtools/murata_salvagnini_thin_turret/salvagnini_s4_standartnyy_instrument/,
Барус Инструмент,Каталог  /catalog/,Пробивной инструмент  /catalog/punchtools/,Формовочный инструмент  /catalog/punchtools/forming-tools/,,
Барус Инструмент,Каталог  /catalog/,Пробивной инструмент  /catalog/punchtools/,Роликовый инструмент  /catalog/punchtools/rolikovyy_instrument/,,
Барус Инструмент,Каталог  /catalog/,Расходные материалы для лазерной резки  /catalog/laser_comsumables/,AMADA  /catalog/laser_comsumables/amada/,,
Барус Инструмент,Каталог  /catalog/,Расходные материалы для лазерной резки  /catalog/laser_comsumables/,Лазерные головы  /catalog/laser_comsumables/lazernye-golovy/,,
Барус Инструмент,Каталог  /catalog/,Расходные материалы для лазерной резки  /catalog/laser_comsumables/,BOCI/BOCHU  /catalog/laser_comsumables/bochu/,,
Барус Инструмент,Каталог  /catalog/,Расходные материалы для лазерной резки  /catalog/laser_comsumables/,"Оптика для резки (защитные стекла, линзы)  /catalog/laser_comsumables/optika/",,
Барус Инструмент,Каталог  /catalog/,Расходные материалы для лазерной резки  /catalog/laser_comsumables/,BODOR  /catalog/laser_comsumables/bodor/,,
Барус Инструмент,Каталог  /catalog/,Расходные материалы для лазерной резки  /catalog/laser_comsumables/,Комплекты оптики  /catalog/laser_comsumables/komplekty-optiki/,,
Барус Инструмент,Каталог  /catalog/,Расходные материалы для лазерной резки  /catalog/laser_comsumables/,HSG  /catalog/laser_comsumables/hsg/,,
Барус Инструмент,Каталог  /catalog/,Расходные материалы для лазерной резки  /catalog/laser_comsumables/,Керамические держатели  /catalog/laser_comsumables/keramicheskie-derzhateli/,,
Барус Инструмент,Каталог  /catalog/,Расходные материалы для лазерной резки  /catalog/laser_comsumables/,Bystronic  /catalog/laser_comsumables/bystronic_head/,,
Барус Инструмент,Каталог  /catalog/,Расходные материалы для лазерной резки  /catalog/laser_comsumables/,Сопла  /catalog/laser_comsumables/sopla/,,
Барус Инструмент,Каталог  /catalog/,Расходные материалы для лазерной резки  /catalog/laser_comsumables/,LVD / Mazak  /catalog/laser_comsumables/lvd-mazak/,,
Барус Инструмент,Каталог  /catalog/,Расходные материалы для лазерной резки  /catalog/laser_comsumables/,Сопловые узлы в сборе  /catalog/laser_comsumables/soplovye-uzly/,,
Барус Инструмент,Каталог  /catalog/,Расходные материалы для лазерной резки  /catalog/laser_comsumables/,Precitec  /catalog/laser_comsumables/precitec/,,
Барус Инструмент,Каталог  /catalog/,Расходные материалы для лазерной резки  /catalog/laser_comsumables/,Prima Power  /catalog/laser_comsumables/prima-power/,,
Барус Инструмент,Каталог  /catalog/,Расходные материалы для лазерной резки  /catalog/laser_comsumables/,Raytools  /catalog/laser_comsumables/raytools/,,
Барус Инструмент,Каталог  /catalog/,Расходные материалы для лазерной резки  /catalog/laser_comsumables/,Salvagnini  /catalog/laser_comsumables/salvagnini/,,
Барус Инструмент,Каталог  /catalog/,Расходные материалы для лазерной резки  /catalog/laser_comsumables/,Trumpf  /catalog/laser_comsumables/trumpf_head/,,
Барус Инструмент,Каталог  /catalog/,Расходные материалы для лазерной резки  /catalog/laser_comsumables/,Unimach  /catalog/laser_comsumables/unimach/,,
Барус Инструмент,Каталог  /catalog/,Расходные материалы для лазерной резки  /catalog/laser_comsumables/,WSX  /catalog/laser_comsumables/wsx/,,
Барус Инструмент,Каталог  /catalog/,Расходные материалы для лазерной резки  /catalog/laser_comsumables/,Комплектующие и ЗИП  /catalog/laser_comsumables/komplektuyushchie-zip/,,
Барус Инструмент,Каталог  /catalog/,Расходные материалы для лазерной резки  /catalog/laser_comsumables/,Аксессуары и СИЗ  /catalog/laser_comsumables/aksessuary-siz/,,
Барус Инструмент,Каталог  /catalog/,Расходные материалы для лазерной резки  /catalog/laser_comsumables/,Лазерные источники  /catalog/laser_comsumables/lazernye_istochniki/,,
Барус Инструмент,Каталог  /catalog/,Расходные материалы для лазерной резки  /catalog/laser_comsumables/,CO2  /catalog/laser_comsumables/co2/,,
Барус Инструмент,Каталог  /catalog/,Плазменная расходка  /catalog/plasma_consumables/,HYPERTHERM  /catalog/plasma_consumables/hypertherm/,,
Барус Инструмент,Каталог  /catalog/,Плазменная расходка  /catalog/plasma_consumables/,Защитные колпаки  /catalog/plasma_consumables/zashchitnye-kolpaki/,,
Барус Инструмент,Каталог  /catalog/,Плазменная расходка  /catalog/plasma_consumables/,Kjellberg  /catalog/plasma_consumables/kjellberg/,,
Барус Инструмент,Каталог  /catalog/,Плазменная расходка  /catalog/plasma_consumables/,Защитные экраны  /catalog/plasma_consumables/zashchitnye-ekrany/,,
Барус Инструмент,Каталог  /catalog/,Плазменная расходка  /catalog/plasma_consumables/,Защитные кожухи  /catalog/plasma_consumables/zashchitnye-kozhukhi/,,
Барус Инструмент,Каталог  /catalog/,Плазменная расходка  /catalog/plasma_consumables/,Сопла  /catalog/plasma_consumables/sopla/,,
Барус Инструмент,Каталог  /catalog/,Плазменная расходка  /catalog/plasma_consumables/,Электроды  /catalog/plasma_consumables/elektrody/,,
Барус Инструмент,Каталог  /catalog/,Плазменная расходка  /catalog/plasma_consumables/,Завихрители  /catalog/plasma_consumables/zavikhriteli/,,
Барус Инструмент,Каталог  /catalog/,Плазменная расходка  /catalog/plasma_consumables/,Резаки  /catalog/plasma_consumables/rezaki/,,
Барус Инструмент,Каталог  /catalog/,Плазменная расходка  /catalog/plasma_consumables/,Комплектующие и ЗИП  /catalog/plasma_consumables/komplektuyushchie-zip/,,
Барус Инструмент,Каталог  /catalog/,Плазменная расходка  /catalog/plasma_consumables/,Аксессуары и СИЗ  /catalog/plasma_consumables/aksessuary-siz/,,
Барус Инструмент,Каталог  /catalog/,Специализированный промышленный крепеж  /catalog/krepezh/,Запрессовочные гайки  /catalog/krepezh/gayki/,,
Барус Инструмент,Каталог  /catalog/,Специализированный промышленный крепеж  /catalog/krepezh/,Запрессовочные шпильки  /catalog/krepezh/shpilki/,,
Барус Инструмент,Каталог  /catalog/,Специализированный промышленный крепеж  /catalog/krepezh/,Запрессовочные втулки (глухие или сквозные)  /catalog/krepezh/vtulki/,,
Барус Инструмент,Сервис  /services/,Пусконаладочные работы (ПНР) оборудования  /services/pnr/,,,
Барус Инструмент,Сервис  /services/,Переезд и перемещение промышленного оборудования  /services/pereezd/,,,
Барус Инструмент,Сервис  /services/,Ремонт промышленного листообрабатывающего оборудования  /services/remont/,Станки лазерной резки  /services/remont/stanki-lazernoy-rezki/,,
Барус Инструмент,Сервис  /services/,Ремонт промышленного листообрабатывающего оборудования  /services/remont/,Листогибочные прессы  /services/remont/listogibochnye-pressy/,,
Барус Инструмент,Сервис  /services/,Ремонт промышленного листообрабатывающего оборудования  /services/remont/,Координатно-Пробивные прессы  /services/remont/koordinatno-probivnye-pressy/,,
Барус Инструмент,Сервис  /services/,Инструктаж операторов оборудования  /services/instruktazh/,,,
Барус Инструмент,Сервис  /services/,Техническое обслуживание  /services/tekhnicheskoe-obsluzhivanie/,,,
Барус Инструмент,Сервис  /services/,Модернизация оборудования  /services/modernizatsiya/,Модернизация станков лазерной резки  /services/modernizatsiya/stanki-lazernoy-rezki/,,
Барус Инструмент,Сервис  /services/,Модернизация оборудования  /services/modernizatsiya/,Модернизация листогибочных прессов  /services/modernizatsiya/listogibochnye-pressy/,,
Барус Инструмент,Сервис  /services/,Модернизация оборудования  /services/modernizatsiya/,Модернизация координатно-пробивных прессов  /services/modernizatsiya/koordinatno-probivnye-pressy/,,
Барус Инструмент,Сервис  /services/,Ремонт лазерных источников  /services/remont-lazernykh-istochnikov/,,,
Барус Инструмент,Сервис  /services/,Ремонт лазерных режущих головок  /services/remont-lazernykh-golovok/,,,
Барус Инструмент,Сервис  /services/,Другие услуги  /services/drugie-uslugi/,Проволочно-вырезная электроэрозионная обработка  /services/drugie-uslugi/elektroerozionnaya-obrabotka/,,
Барус Инструмент,Сервис  /services/,Другие услуги  /services/drugie-uslugi/,Электроэрозионное сверление супердрелью  /services/drugie-uslugi/sverlenie-superdrelyu/,,
Барус Инструмент,Сервис  /services/,Другие услуги  /services/drugie-uslugi/,Маркировка металлических деталей  /services/drugie-uslugi/markirovka/,,
Барус Инструмент,Сервис  /services/,Другие услуги  /services/drugie-uslugi/,Разработка и изготовление гибочного инструмента для прессов с ЧПУ  /services/drugie-uslugi/razrabotka-gibochnogo-instrumenta/,,
Барус Инструмент,Сервис  /services/,Другие услуги  /services/drugie-uslugi/,Пескоструйная обработка деталей  /services/drugie-uslugi/peskostruynaya-obrabotka/,,
Барус Инструмент,Сервис  /services/,Другие услуги  /services/drugie-uslugi/,Разработка и изготовление технологической оснастки  /services/drugie-uslugi/tekhnologicheskaya-osnastka/,,
Барус Инструмент,Сервис  /services/,Станки лазерной резки  /services/stanki-lazernoy-rezki/,ПНР/Переезд,,
Барус Инструмент,Сервис  /services/,Листогибочные прессы  /services/listogibochnye-pressy/,Ремонт оборудования,,
Барус Инструмент,Сервис  /services/,Координатно-Пробивные прессы  /services/koordinatno-probivnye-pressy/,Модернизация,,
Барус Инструмент,Сервис  /services/,Координатно-Пробивные прессы  /services/koordinatno-probivnye-pressy/,Техническое обслуживание,,
Барус Инструмент,Сервис  /services/,Координатно-Пробивные прессы  /services/koordinatno-probivnye-pressy/,Инструктаж по работе с оборудованием,,
Барус Инструмент,Сервис  /services/,Лазерные источники  /services/lazernye-istochniki/,Ремонт лазерных источников и голов,,
Барус Инструмент,Сервис  /services/,Лазерные источники  /services/lazernye-istochniki/,Ремонт лазерных источников и голов,,
Барус Инструмент,Сервис  /services/,Лазерные оптические системы  /services/lazernye-opticheskie-sistemy/,,,
Барус Инструмент,Производители  /brands/,HSG  /brands/hsg/,,,
Барус Инструмент,Производители  /brands/,EKO  /brands/eko/,,,
Барус Инструмент,Производители  /brands/,SHINETEK  /brands/shinetek/,,,
Барус Инструмент,Производители  /brands/,ACCUEPRESS  /brands/accuepress/,,,
Барус Инструмент,Производители  /brands/,KETEK  /brands/ketek/,,,
Барус Инструмент,Производители  /brands/,BOCI  /brands/boci/,,,
Барус Инструмент,Производители  /brands/,HYPERTHERM  /brands/hypertherm/,,,
Барус Инструмент,Производители  /brands/,BARUS MACHINES  /brands/barus-machines/,,,
Барус Инструмент,Производители  /brands/,BARUS VENT  /brands/barus-vent/,,,
Барус Инструмент,Производители  /brands/,BARUS DEBURR  /brands/barus-deburr/,,,
Барус Инструмент,Производители  /brands/,SWR MASTER  /brands/swr-master/,,,
Барус Инструмент,Производители  /brands/,RAYCUS  /brands/raycus/,,,
Барус Инструмент,Производители  /brands/,Kjellberg Finsterwalde  /brands/kjellberg/,,,
Барус Инструмент,Производители  /brands/,VPG LaserONE  /brands/vpg-laserone/,,,
Барус Инструмент,Производители  /brands/,BARUS  /brands/barus/,BARUS ITALY  /brands/barus-italy/,,
Барус Инструмент,Производители  /brands/,BARUS  /brands/barus/,BARUS JAPAN  /brands/barus-japan/,,
Барус Инструмент,Производители  /brands/,BARUS  /brands/barus/,BARUS PREMIUM PRC  /brands/barus-premium-prc/,,
Барус Инструмент,Производители  /brands/,BARUS  /brands/barus/,BARUS STANDART PRC  /brands/barus-standart-prc/,,
Барус Инструмент,Проекты  /projects/,Станки лазерной резки листа  /projects/stanki-lazernoy-rezki-lista/,,,
Барус Инструмент,Проекты  /projects/,Станки лазерной резки трубы  /projects/stanki-lazernoy-rezki-truby/,,,
Барус Инструмент,Проекты  /projects/,Листогибочные прессы  /projects/listogibochnye-pressy/,,,
Барус Инструмент,Проекты  /projects/,Коорданатно-пробивыне станки  /projects/koordanatno-probivyne-stanki/,,,
Барус Инструмент,Проекты  /projects/,Шлифовально-зачистное оборудование  /projects/shlifovalno-zachistnoe-oborudovanie/,,,
Барус Инструмент,Проекты  /projects/,Аппараты лазерной сварки  /projects/apparaty-lazernoy-svarki/,,,
Барус Инструмент,Техническая информация  /tech-info/,Оборудование  /tech-info/oborudovanie/,Станки лазерной резки листа  /tech-info/oborudovanie/stanki-lazernoy-rezki-lista/,,
Барус Инструмент,Техническая информация  /tech-info/,Оборудование  /tech-info/oborudovanie/,Станки лазерной резки трубы  /tech-info/oborudovanie/stanki-lazernoy-rezki-truby/,,
Барус Инструмент,Техническая информация  /tech-info/,Оборудование  /tech-info/oborudovanie/,Листогибочные прессы  /tech-info/oborudovanie/listogibochnye-pressy/,,
Барус Инструмент,Техническая информация  /tech-info/,Оборудование  /tech-info/oborudovanie/,Коорданатно-пробивыне станки  /tech-info/oborudovanie/koordanatno-probivyne-stanki/,,
Барус Инструмент,Техническая информация  /tech-info/,Оборудование  /tech-info/oborudovanie/,Шлифовально-зачистное оборудование  /tech-info/oborudovanie/shlifovalno-zachistnoe-oborudovanie/,,
Барус Инструмент,Техническая информация  /tech-info/,Оборудование  /tech-info/oborudovanie/,Аппараты лазерной сварки  /tech-info/oborudovanie/apparaty-lazernoy-svarki/,,
Барус Инструмент,Техническая информация  /tech-info/,Инструмент  /tech-info/instrument/,Гибочный  /tech-info/instrument-gibochnyy/,,
Барус Инструмент,Техническая информация  /tech-info/,Инструмент  /tech-info/instrument/,Пробивной  /tech-info/instrument-probivnoy/,,
Барус Инструмент,Техническая информация  /tech-info/,Расходные материалы  /tech-info/raskhodnye-materialy/,лазерная резка  /tech-info/raskhodnye-materialy/lazernaya-rezka/,,
Барус Инструмент,Техническая информация  /tech-info/,Расходные материалы  /tech-info/raskhodnye-materialy/,плазменная резка  /tech-info/raskhodnye-materialy/plazmennaya-rezka/,,
Барус Инструмент,Техническая информация  /tech-info/,Статьи  /articles/,,,
Барус Инструмент,О компании  /about/,О сервисе  /about/service/,,,
Барус Инструмент,О компании  /about/,Новости  /news/,,,
Барус Инструмент,О компании  /about/,Отзывы  /about/reviews/,,,
Барус Инструмент,О компании  /about/,Оплата и доставка  /about/payment-delivery/,,,
Барус Инструмент,О компании  /about/,Стандартные условия приобретения  /about/terms/,,,
Барус Инструмент,О компании  /about/,Лизинг  /about/leasing/,,,
Барус Инструмент,О компании  /about/,Гос. субсидии  /about/subsidies/,,,
Барус Инструмент,О компании  /about/,Рассрочка  /about/installment/,,,
Барус Инструмент,О компании  /about/,Гарантийные обязательства  /about/warranty/,,,
Барус Инструмент,О компании  /about/,Сотрудники  /about/team/,,,
Барус Инструмент,О компании  /about/,Дилерские сертификаты  /about/certificates/,,,
Барус Инструмент,Контакты  /contacts/,,,,
Барус Инструмент,Служебные,Политика обработки персональных данных  /privacy/,,,
Барус Инструмент,Служебные,Согласие на обработку персональных данных  /consent/,,,
Барус Инструмент,Служебные,Политика cookies  /cookies/,,,
Барус Инструмент,Служебные,Карта сайта  /sitemap/,,,
Барус Инструмент,Служебные,Поиск  /search/,,,
Барус Инструмент,Служебные,Сравнение  /compare/,,,
Барус Инструмент,Служебные,Ошибка сервера  /500.html,,,
Барус Инструмент,Служебные,Вакансии  /about/vacancies/,,,
